,Coins
0,bitcoin
1,ethereum
2,bitcoin-cash
3,ripple
4,litecoin
5,cardano
6,iota
7,dash
8,nem
9,monero
10,bitcoin-gold
11,stellar
12,eos
13,neo
14,ethereum-classic
15,tron
16,bitconnect
17,qtum
18,populous
19,omisego
20,zcash
21,waves
22,lisk
23,tether
24,bitshares
25,stratis
26,hshare
27,ardor
28,verge
29,monacoin
30,bytecoin-bcn
31,dogecoin
32,nxt
33,ark
34,status
35,veritaseum
36,decred
37,steem
38,binance-coin
39,salt
40,komodo
41,siacoin
42,augur
43,einsteinium
44,pivx
45,qash
46,golem-network-tokens
47,byteball
48,vertcoin
49,tenx
50,digibyte
51,digixdao
52,electroneum
53,raiblocks
54,aeternity
55,basic-attention-token
56,kyber-network
57,factom
58,santiment
59,maidsafecoin
60,syscoin
61,vechain
62,power-ledger
63,cryptonex
64,bytom
65,decentraland
66,walton
67,iconomi
68,bitcoindark
69,zcoin
70,0x
71,gas
72,raiden-network-token
73,paypie
74,nexus
75,gnosis-gno
76,streamr-datacoin
77,funfair
78,gxshares
79,request-network
80,monaco
81,gamecredits
82,dragonchain
83,bancor
84,civic
85,nav-coin
86,dent
87,metal
88,substratum
89,chainlink
90,peercoin
91,edgeless
92,metaverse
93,revain
94,bitbay
95,storj
96,blocknet
97,pura
98,quantstamp
99,rchain
100,aion
101,ripio-credit-network
102,ethos
103,skycoin
104,ink
105,achain
106,ubiq
107,minexcoin
108,wabi
109,time-new-bank
110,asch
111,xp
112,supernet-unity
113,attention-token-of-media
114,zencash
115,cobinhood
116,groestlcoin
117,sonm
118,aragon
119,reddcoin
120,adx-net
121,singulardtv
122,loopring
123,yoyow
124,counterparty
125,particl
126,enjin-coin
127,feathercoin
128,kin
129,quantum-resistant-ledger
130,pepe-cash
131,smartcash
132,lykke
133,potcoin
134,voxels
135,rise
136,jinn
137,mobilego
138,viacoin
139,mercury
140,namecoin
141,humaniq
142,xtrabytes
143,rlc
144,kucoin-shares
145,eidoo
146,wings
147,faircoin
148,cofound-it
149,poet
150,coindash
151,enigma-project
152,tierion
153,emercoin
154,centra
155,aeon
156,hive
157,amber
158,safe-exchange-coin
159,whitecoin
160,district0x
161,agoras-tokens
162,firstblood
163,neblio
164,cloakcoin
165,pillar
166,delphy
167,airswap
168,paypex
169,cindicator
170,ethlend
171,blockv
172,library-credit
173,melon
174,ion
175,open-trading-network
176,blocktix
177,crown
178,burst
179,taas
180,guppy
181,sibcoin
182,etherparty
183,zeusshield
184,steem-dollars
185,iocoin
186,diamond
187,gulden
188,modum
189,bridgecoin
190,trust
191,decent
192,digitalnote
193,wagerr
194,spankchain
195,okcash
196,moeda-loyalty-points
197,omni
198,red-pulse
199,russian-mining-coin
200,bitcore
201,bodhi
202,elastic
203,shift
204,grid
205,salus
206,firstcoin
207,blackcoin
208,gridcoin
209,numeraire
210,xplay
211,triggers
212,monetaryunit
213,viberate
214,nolimitcoin
215,stox
216,bitcny
217,monetha
218,hempcoin
219,synereo
220,bitdice
221,presearch
222,vericoin
223,dentacoin
224,atbcoin
225,phore
226,agrello-delta
227,ixledger
228,oraclechain
229,golos
230,global-currency-reserve
231,obits
232,radium
233,aventus
234,icos
235,rubycoin
236,gambit
237,bitqy
238,waves-community-token
239,pascal-coin
240,bitsend
241,everex
242,adtoken
243,nimiq
244,florincoin
245,neoscoin
246,bcap
247,genesis-vision
248,leocoin
249,exchange-union
250,databits
251,primas
252,clams
253,transfercoin
254,unikoin-gold
255,fedoracoin
256,patientory
257,oxycoin
258,rialto
259,the-champcoin
260,tokencard
261,mooncoin
262,expanse
263,polybius
264,soarcoin
265,etheroll
266,xaurum
267,casinocoin
268,credo
269,unobtanium
270,dimecoin
271,mysterium
272,swarm-city
273,rivetz
274,suncontract
275,solarcoin
276,domraider
277,bitzeny
278,paragon
279,mothership
280,alis
281,heat-ledger
282,nushares
283,spectrecoin
284,kickico
285,bitmark
286,nvo
287,deeponion
288,foldingcoin
289,vcash
290,lomocoin
291,boolberry
292,maecenas
293,e-coin
294,bitbean
295,bitdeal
296,masternodecoin
297,encryptotel
298,sphere
299,nexium
300,energycoin
301,novacoin
302,bitusd
303,target-coin
304,memetic
305,incent
306,peerplays-ppy
307,encrypgen
308,sequence
309,bitcrystals
310,musicoin
311,posw-coin
312,quantum
313,lunyr
314,pinkcoin
315,curecoin
316,chronobank
317,ethereum-blue
318,auroracoin
319,oax
320,blackmoon-crypto
321,clearpoll
322,tao
323,toacoin
324,latoken
325,airtoken
326,astro
327,myriad
328,cvcoin
329,obsidian
330,stealthcoin
331,bitcloud
332,blockmason
333,decent-bet
334,martexcoin
335,circuits-of-value
336,coss
337,mcap
338,bitcoin-plus
339,prizm
340,change
341,xenon
342,internet-of-people
343,sexcoin
344,b2bx
345,e-dinar-coin
346,earthcoin
347,blockcat
348,ebtcnew
349,pesetacoin
350,dao-casino
351,decision-token
352,artbyte
353,voisecom
354,korecoin
355,breakout
356,eccoin
357,shield-xsh
358,dynamic
359,dubaicoin-dbix
360,zephyr
361,lampix
362,vibe
363,primalbase
364,syndicate
365,propy
366,apx
367,newyorkcoin
368,dopecoin
369,bismuth
370,primecoin
371,investfeed
372,ergo
373,riecoin
374,putincoin
375,bonpay
376,bluecoin
377,qwark
378,neutron
379,mybit-token
380,pluton
381,synergy
382,exclusivecoin
383,htmlcoin
384,belacoin
385,breakout-stake
386,zclassic
387,atmos
388,europecoin
389,2give
390,bitswift
391,hellogold
392,thegcccoin
393,ecobit
394,project-decorum
395,goldcoin
396,trustplus
397,mintcoin
398,zrcoin
399,evergreencoin
400,asiacoin
401,dovu
402,sharechain
403,prospectors-gold
404,creditbit
405,cannabiscoin
406,elixir
407,aeron
408,life
409,chips
410,onix
411,xcurrency
412,pirl
413,geocoin
414,universal-currency
415,vslice
416,creativecoin
417,chaincoin
418,divi
419,arcade-token
420,karbowanec
421,paccoin
422,innova
423,parkbyte
424,real
425,anoncoin
426,vivo
427,blitzcash
428,cryptoping
429,gobyte
430,rupee
431,oceanlab
432,veriumreserve
433,dotcoin
434,centurion
435,terracoin
436,startcoin
437,trezarcoin
438,vtorrent
439,adshares
440,huntercoin
441,kolion
442,dcorp
443,flixxo
444,yashcoin
445,e-gulden
446,ico-openledger
447,yocoin
448,blockpool
449,supercoin
450,trueflip
451,colossuscoin-v2
452,bitbar
453,indorse-token
454,ufo-coin
455,darcrus
456,bitcoin-red
457,internxt
458,cartaxi-token
459,ixcoin
460,quark
461,smartbillions
462,mercury-protocol
463,neverdie
464,starta
465,tokes
466,spreadcoin
467,magi
468,hedge
469,atlant
470,audiocoin
471,hush
472,luckchain
473,crave
474,hyperstake
475,worldcoin
476,alqo
477,cryptonite
478,luxcoin
479,rustbits
480,zennies
481,publica
482,real-estate-tokens
483,opus
484,social
485,cryptogenic-bullion
486,altcoin-alt
487,1337coin
488,autonio
489,flypme
490,sprouts
491,bitcoinz
492,zeitcoin
493,ethereum-movie-venture
494,erc20
495,elementrem
496,solaris
497,megacoin
498,intensecoin
499,fundyourselfnow
500,fantomcoin
501,bankcoin
502,flik
503,goldblocks
504,dnotes
505,espers
506,zoin
507,cryptcoin
508,wavesgo
509,russiacoin
510,britcoin
511,mywish
512,eboostcoin
513,smart-investment-fund-token
514,buzzcoin
515,gcoin
516,zetacoin
517,janus
518,woodcoin
519,pandacoin-pnd
520,procurrency
521,linx
522,bittokens
523,footy-cash
524,piplcoin
525,adelphoi
526,bulwark
527,royal-kingdom-coin
528,legends-room
529,hubii-network
530,monacocoin
531,magnet
532,dinastycoin
533,bata
534,tracto
535,growers-international
536,unbreakablecoin
537,hitcoin
538,sumokoin
539,equitrader
540,gameunits
541,unitus
542,bitcoin-scrypt
543,orbitcoin
544,canada-ecoin
545,digipulse
546,fastcoin
547,shorty
548,ellaism
549,opal
550,deutsche-emark
551,giga-watt-token
552,42-coin
553,coin
554,embers
555,ethbits
556,kobocoin
557,linda
558,inpay
559,bytecent
560,monster-byte
561,adzcoin
562,smileycoin
563,privatix
564,kekcoin
565,greencoin
566,visio
567,bowhead
568,hicoin
569,nekonium
570,influxcoin
571,gimli
572,fujicoin
573,xios
574,qvolta
575,miners-reward-token
576,remicoin
577,unity-ingot
578,pure
579,arcticcoin
580,draftcoin
581,joincoin
582,unify
583,skincoin
584,link-platform
585,shadowcash
586,denarius-dnr
587,noblecoin
588,signatum
589,interstellar-holdings
590,starcredits
591,carboncoin
592,goodomy
593,litecoin-plus
594,zero
595,ultracoin
596,cryptocarbon
597,biblepay
598,mazacoin
599,joulecoin
600,version
601,crowdcoin
602,moin
603,postoken
604,insanecoin-insn
605,ultimate-secure-cash
606,dashcoin
607,condensate
608,eltcoin
609,cryptoforecast
610,copico
611,smartcoin
612,gaia
613,fuelcoin
614,btsr
615,mao-zedong
616,renos
617,roulettetoken
618,zozocoin
619,capricoin
620,bitbtc
621,casino
622,litedoge
623,trackr
624,upfiring
625,hobonickels
626,netko
627,bitradio
628,machinecoin
629,mutual-coin
630,incakoin
631,netcoin
632,maxcoin
633,phoenixcoin
634,sovereign-hero
635,tagcoin
636,emphy
637,nubits
638,happycoin
639,atomic-coin
640,xgox
641,vsync-vsx
642,shadow-token
643,trollcoin
644,oyster-pearl
645,stress
646,embercoin
647,teslacoin
648,trumpcoin
649,popularcoin
650,blockpay
651,cream
652,authorship
653,zurcoin
654,accelerator-network
655,aurumcoin
656,digitalprice
657,bitpark-coin
658,etheriya
659,bigup
660,petrodollar
661,unicoin
662,kilocoin
663,bitcoinfast
664,electra
665,litebar
666,bitcurrency
667,fujinto
668,universe
669,swing
670,digitalcoin
671,the-cypherfunks
672,briacoin
673,titcoin
674,i0coin
675,lottocoin
676,nyancoin
677,8bit
678,ethbet
679,minereum
680,btctalkcoin
681,bitboost
682,colossuscoinxt
683,bunnycoin
684,pakcoin
685,wayguide
686,leviarcoin
687,iticoin
688,piggycoin
689,swagbucks
690,payfair
691,berncash
692,altcommunity-coin
693,ganjacoin
694,sativacoin
695,fluttercoin
696,corgicoin
697,newbium
698,tychocoin
699,inflationcoin
700,bitstar
701,ethereum-gold
702,prototanium
703,tigercoin
704,kushcoin
705,daxxcoin
706,whalecoin
707,fucktoken
708,veltor
709,cannacoin
710,abjcoin
711,pascal-lite
712,crystal-clear
713,qubitcoin
714,ohm-wallet
715,rasputin-online-coin
716,chesscoin
717,sacoin
718,cannation
719,guncoin
720,sterlingcoin
721,ccore
722,bit20
723,mineum
724,eternity
725,purevidz
726,bolivarcoin
727,coin2-1
728,octanox
729,digicube
730,hawla-today
731,lanacoin
732,flycoin
733,chancoin
734,platinumbar
735,jin-coin
736,helleniccoin
737,tittiecoin
738,globalcoin
739,globalboost-y
740,sagacoin
741,truckcoin
742,hodlcoin
743,senderon
744,islacoin
745,ethereumcash
746,iethereum
747,blakestar
748,satoshimadness
749,photon
750,halcyon
751,triangles
752,elcoin-el
753,digital-developers-fund
754,darsek
755,evil-coin
756,evotion
757,postcoin
758,reecoin
759,aquariuscoin
760,wyvern
761,spacecoin
762,fincoin
763,gapcoin
764,kittehcoin
765,icoin
766,yacoin
767,bitgem
768,goldreserve
769,ambercoin
770,wmcoin
771,dalecoin
772,ethereum-dark
773,unrealcoin
774,mincoin
775,octocoin
776,philosopher-stones
777,emerald
778,ratecoin
779,confido
780,freicoin
781,acoin
782,ebitcoin-cash
783,bitcoin-21
784,catcoin
785,808coin
786,billionaire-token
787,quatloo
788,mojocoin
789,bitsilver
790,independent-money-system
791,grantcoin
792,blakecoin
793,bolenum
794,paycoin2
795,rubies
796,redcoin
797,hempcoin-hmp
798,prime-xi
799,leacoin
800,ripto-bux
801,zcash-gold
802,virtacoinplus
803,c-bit
804,bumbacoin
805,campuscoin
806,quazarcoin
807,aricoin
808,creatio
809,marscoin
810,nevacoin
811,parallelcoin
812,tajcoin
813,dreamcoin
814,antibitcoin
815,eot-token
816,dollarcoin
817,boostcoin
818,jetcoin
819,usde
820,virtualcoin
821,bitcoin-planet
822,argentum
823,revolvercoin
824,cachecoin
825,tattoocoin
826,eaglecoin
827,cryptojacks
828,rupaya
829,gpu-coin
830,bitcoal
831,gold-pressed-latinum
832,sling
833,coinonatx
834,hexx
835,droxne
836,eurocoin
837,securecoin
838,debitcoin
839,chronos
840,uro
841,paycon
842,virta-unique-coin
843,metal-music-coin
844,vector
845,aerium
846,ronpaulcoin
847,sixeleven
848,goldpieces
849,ether-for-the-rest-of-the-world
850,sugar-exchange
851,idice
852,biteur
853,honey
854,spots
855,global-tour-coin
856,ecocoin
857,monkey-project
858,comet
859,secretcoin
860,californium
861,marijuanacoin
862,allion
863,anarchistsprime
864,macron
865,bipcoin
866,blazecoin
867,prcoin
868,funcoin
869,guccionecoin
870,mustangcoin
871,scorecoin
872,ammo-rewards
873,globaltoken
874,bitasean
875,litecred
876,ethgas
877,bitgold
878,coinonat
879,soilcoin
880,jewels
881,crypto
882,beatcoin
883,beavercoin
884,300-token
885,icobid
886,litecoin-ultra
887,cagecoin
888,kayicoin
889,bitquark
890,neuro
891,votecoin
892,billarycoin
893,digital-rupees
894,piecoin
895,grimcoin
896,theresa-may-coin
897,money
898,pulse
899,credence-coin
900,allsafe
901,printerium
902,impulsecoin
903,exchangen
904,cthulhu-offerings
905,compucoin
906,eryllium
907,vip-tokens
908,dappster
909,asiadigicoin
910,tekcoin
911,crtcoin
912,zayedcoin
913,flavorcoin
914,x-coin
915,women
916,orlycoin
917,cryptoescudo
918,songcoin
919,ego
920,cryptoworldx-token
921,benjirolls
922,fuzzballs
923,brat
924,iconic
925,kronecoin
926,plncoin
927,ereal
928,futurexe
929,network-token
930,luna-coin
931,interzone
932,ponzicoin
933,litebitcoin
934,chncoin
935,veros
936,flaxscript
937,impact
938,dibcoin
939,posex
940,frazcoin
941,master-swiscoin
942,solarflarecoin
943,vaperscoin
944,kurrent
945,bios-crypto
946,dpay
947,bnrtxcoin
948,healthywormcoin
949,kibicoin
950,osmiumcoin
951,zonecoin
952,jobscoin
953,slevin
954,cashcoin
955,doubloon
956,cybcsec
957,dix-asset
958,antilitecoin
959,useless-ethereum-token
960,vault-coin
961,letitride
962,roofs
963,rimbit
964,playercoin
965,kingn-coin
966,braincoin
967,crevacoin
968,milocoin
969,biobar
970,dollar-online
971,speedcash
972,cabbage
973,wild-beast-block
974,ibank
975,corethum
976,javascript-token
977,geertcoin
978,geysercoin
979,levoplus
980,socialcoin-socc
981,elysium
982,selfiecoin
983,bitvolt
984,torcoin-tor
985,rawcoin2
986,argus
987,p7coin
988,burstocean
989,gbcgoldcoin
990,coimatic-2
991,swaptoken
992,magnum
993,ulatech
994,harmonycoin-hmc
995,project-x
996,concoin
997,morningstar-payments
998,sojourn
999,tristar-coin
1000,wallet-builders-coin
1001,pizzacoin
1002,enigma
1003,digital-credits
1004,abncoin
1005,ebittree-coin
1006,digital-money-bits
1007,caliphcoin
1008,falcoin
1009,applecoin-apw
1010,fimkrypto
1011,valorbit
1012,sproutsextreme
1013,shilling
1014,cypher
1015,px
1016,franko
1017,firecoin
1018,bitz
1019,mindcoin
1020,blackstar
1021,zetamicron
1022,warp
1023,artex-coin
1024,qibuck-asset
1025,bowscoin
1026,tagrcoin
1027,gamebet-coin
1028,coexistcoin
1029,sydpak
1030,xonecoin
1031,destiny
1032,high-voltage
1033,genstake
1034,agrolifecoin
1035,ccminer
1036,save-and-gain
1037,rsgpcoin
1038,virtacoin
1039,nodecoin
1040,environ
1041,future-digital-currency
1042,bt1-cst
1043,internet-of-things
1044,maker
1045,sync
1046,bitcoin-unlimited
1047,super-bitcoin
1048,segwit2x
1049,bt2-cst
1050,alphabitcoinfund
1051,bitcoin-diamond
1052,hollywoodcoin
1053,filecoin
1054,poly-ai
1055,terranova
1056,triaconta
1057,compcoin
1058,regalcoin
1059,fargocoin
1060,bitserial
1061,tezos
1062,atmcoin
1063,blockchain-index
1064,ea-coin
1065,chronologic
1066,suretly
1067,teslacoilcoin
1068,comsa-xem
1069,comsa-eth
1070,clubcoin
1071,voyacoin
1072,xde-ii
1073,ormeus-coin
1074,icon
1075,macro1
1076,gold-reward-token
1077,boscoin
1078,ignis
1079,uquid-coin
1080,win-coin
1081,iot-chain
1082,stex
1083,nuls
1084,everus
1085,santa-coin
1086,tokugawa
1087,glasscoin
1088,strikebitclub
1089,techshares
1090,corion
1091,ug-token
1092,pioneer-coin
1093,magnetcoin
1094,sand-coin
1095,trident
1096,invisiblecoin
1097,qbao
1098,prochain
1099,desire
1100,lltoken
1101,verify
1102,storjcoin-x
1103,qora
1104,deuscoin
1105,hodl-bucks
1106,deltacredits
1107,wild-crypto
1108,ethereum-lite
1109,mavro
1110,omicron
1111,natcoin
1112,sphre-air
1113,cybermiles
1114,energo
1115,bitsoar
1116,starcash-network
1117,president-johnson
1118,ongsocial
1119,golos-gold
1120,eroscoin
1121,sportyfi
1122,swapcoin
1123,iquant
1124,social-send
1125,kubera-coin
1126,ties-network
1127,zengold
1128,topaz
1129,encryptotel-eth
1130,goldunioncoin
1131,elacoin
1132,netbit
1133,adcoin
1134,first-bitcoin-capital
1135,blockcdn
1136,eventchain
1137,akuya-coin
1138,edrcoin
1139,farad
1140,bitcoinx
1141,pabyosi-coin-special
1142,snakeeyes
1143,eggcoin
1144,avatarcoin
1145,dashs
1146,peacecoin
1147,sigmacoin
1148,musiconomi
1149,xaucoin
1150,smartmesh
1151,bitcoincashscrypt
1152,medishares
1153,cash-poker-pro
1154,hyper
1155,shellcoin
1156,skeincoin
1157,datum
1158,student-coin
1159,motocoin
1160,alpacoin
1161,axiom
1162,btcmoon
1163,gaycoin
1164,francs
1165,cappasity
1166,wa-space
1167,zsecoin
1168,plexcoin
1169,anryze
1170,viuly
1171,infchain
1172,phantomx
1173,infinity-economics
1174,granitecoin
1175,minex
1176,international-diamond
1177,zilbercoin
1178,sooncoin
1179,metalcoin
1180,bubble
1181,mergecoin
1182,trickycoin
1183,clinton
1184,advanced-internet-blocks
1185,egold
1186,force
1187,richcoin
1188,betacoin
1189,ibtc
1190,sisa
1191,quotient
1192,first-bitcoin
1193,sakuracoin
1194,msd
1195,dfscoin
1196,vpncoin
1197,digital-bullion-gold
1198,coimatic-3
1199,litecoin-gold
1200,flash
1201,gulfcoin
1202,bestchain
1203,bitcoin2x
1204,rublebit
1205,cubits
1206,picoin
1207,sharkcoin
1208,bitcedi
1209,mmxvi
1210,bitcoin-silver
1211,president-trump
1212,amsterdamcoin
1213,bitalphacoin
1214,prismchain
1215,yellow-token
1216,wi-coin
1217,ebit
1218,aseancoin
1219,goldmaxcoin
1220,vulcano
1221,royalcoin
1222,irishcoin
1223,wearesatoshi
1224,snovio
1225,futcoin
1226,9coin
1227,rupaya-old
1228,landcoin
1229,frankywillcoin
1230,cbd-crystals
1231,dubstep
1232,quebecoin
1233,neo-gold
1234,bitbase
1235,dynamiccoin
1236,infinity-pay
1237,opescoin
1238,regacoin
1239,pirate-blocks
1240,facecoin
1241,huncoin
1242,hyper-tv
1243,fapcoin
1244,lazaruscoin
1245,10mtoken
1246,cycling-coin
1247,marxcoin
1248,darklisk
1249,rhfcoin
1250,blazercoin
1251,sportscoin
1252,universalroyalcoin
1253,todaycoin
1254,happy-creator-coin
1255,ur
1256,ugain
1257,pluscoin
1258,lathaan
1259,the-vegan-initiative
1260,tellurion
1261,topcoin
1262,donationcoin
1263,fonziecoin
1264,bastonet
1265,avoncoin
1266,shacoin
1267,moneta2
1268,thecreed
1269,mobilecash
1270,ocow
1271,wink
1272,fireflycoin
1273,linkedcoin
1274,pokecoin
1275,teamup
1276,cyder
1277,eusd
1278,india-coin
1279,t-coin
1280,x2
1281,halloween-coin
1282,high-gain
1283,cheapcoin
1284,animecoin
1285,eltc
1286,wowcoin
1287,bongger
1288,dimoncoin
1289,karmacoin
1290,uncoin
1291,cashme
1292,paypeer
1293,aces
1294,rcoin
1295,global-business-revolution
1296,moneycoin
1297,peepcoin
1298,primulon
1299,dutch-coin
1300,cybercoin
1301,teracoin
1302,peoplecoin
1303,kashhcoin
1304,vegascoin
1305,birds
1306,antimatter
1307,infinitecoin
1308,protean
1309,yescoin
1310,b3coin
1311,namocoin
1312,bitok
1313,ox-fina
1314,lepen
1315,uahpay
1316,royalties
1317,coupecoin
1318,flappycoin
1319,batcoin
1320,rabbitcoin
1321,exrnchain
1322,stronghands
1323,etherdoge
1324,bitcentavo
